datetime,source,ch1_flow,ch2_flow,ch3_flow,ch4_flow,ch5_flow,ch6_flow,ch1_temp,ch2_temp,ch3_temp,ch4_temp,ch5_temp,ch6_temp
2018-11-01 00:00:00,historical_xlsx,12.20,10.10,8.90,6.80,17.40,20.10,10.60,13.80,13.60,13.60,17.10,20.00
2018-11-12 00:00:00,historical_xlsx,12.20,10.20,9.10,6.80,24.70,20.30,10.60,13.80,13.80,13.60,17.00,20.00
2018-11-14 00:00:00,historical_xlsx,12.20,10.20,8.90,6.90,24.90,20.10,10.60,13.90,13.70,13.60,17.00,20.00
2018-11-28 00:00:00,historical_xlsx,12.10,10.20,9.00,6.90,17.50,20.00,10.60,13.80,13.80,13.60,17.10,20.00
2018-12-05 00:00:00,historical_xlsx,12.10,10.10,8.90,7.00,24.70,20.50,10.60,13.90,13.60,13.50,17.00,20.10
2018-12-10 00:00:00,historical_xlsx,12.10,10.20,9.00,6.80,24.20,19.60,10.70,13.80,13.70,13.50,17.20,20.10
2018-12-11 00:00:00,historical_xlsx,12.20,10.20,8.80,6.90,24.80,20.20,10.70,13.80,13.80,13.50,17.00,19.90
2018-12-21 00:00:00,historical_xlsx,12.00,10.00,8.80,6.80,24.50,19.50,10.80,13.80,13.70,13.70,17.20,20.00
2019-01-03 00:00:00,historical_xlsx,12.10,10.00,9.00,6.90,24.70,20.50,10.60,13.80,13.50,13.60,17.00,19.90
2019-01-09 00:00:00,historical_xlsx,12.00,10.00,9.10,6.90,25.00,20.20,10.60,13.70,13.60,13.40,17.00,20.10
2019-01-14 00:00:00,historical_xlsx,12.00,10.10,8.80,6.90,24.20,20.10,10.80,13.80,13.70,13.40,17.00,20.10
2019-01-21 00:00:00,historical_xlsx,12.10,10.00,8.70,6.80,24.80,20.30,10.60,13.80,13.90,13.50,17.00,20.00
2019-01-25 00:00:00,historical_xlsx,12.10,10.00,8.80,6.80,24.70,20.30,10.60,13.70,13.80,13.60,17.00,20.00
2019-01-30 00:00:00,historical_xlsx,12.00,10.00,8.90,6.80,24.70,20.20,10.70,13.70,13.60,13.50,17.00,20.00
2019-02-05 00:00:00,historical_xlsx,12.00,10.10,8.90,6.70,24.30,20.40,10.60,13.50,13.90,13.60,17.00,20.00
2019-02-12 00:00:00,historical_xlsx,12.00,9.90,8.80,6.70,24.50,20.10,10.50,13.70,13.70,13.40,16.90,19.90
2019-02-14 00:00:00,historical_xlsx,12.20,9.90,8.80,6.60,24.70,19.90,10.70,13.70,13.80,13.50,17.00,20.00
2019-02-18 00:00:00,historical_xlsx,12.00,9.80,9.00,6.80,25.00,20.40,10.60,13.80,13.80,13.60,17.00,20.00
2019-02-21 00:00:00,historical_xlsx,12.00,9.90,8.70,6.70,24.40,20.30,10.50,13.80,14.00,13.50,17.00,20.00
2019-02-26 00:00:00,historical_xlsx,12.30,10.00,9.00,6.70,24.60,20.40,10.60,13.60,13.80,13.40,17.00,20.00
2019-03-04 00:00:00,historical_xlsx,11.80,9.80,8.70,6.70,24.90,20.20,10.50,13.60,13.60,13.40,17.00,20.00
2019-03-26 00:00:00,historical_xlsx,9.80,9.30,9.30,11.60,24.30,20.30,10.40,13.70,13.70,8.80,17.00,20.00
2019-03-28 00:00:00,historical_xlsx,9.80,9.20,8.70,11.60,24.40,20.40,10.70,13.70,14.10,8.80,16.90,20.10
2019-04-11 00:00:00,historical_xlsx,9.60,8.80,9.10,11.70,23.70,20.00,10.50,13.70,13.80,8.90,17.10,20.00
2019-04-24 00:00:00,historical_xlsx,9.60,8.80,9.10,11.90,17.30,20.30,10.50,13.60,13.80,8.70,16.90,19.90
2019-04-29 00:00:00,historical_xlsx,9.40,8.80,9.10,11.80,24.70,20.30,10.40,13.70,13.90,8.90,17.00,20.00
2019-05-14 00:00:00,historical_xlsx,9.20,8.60,9.00,11.70,24.30,20.30,10.60,13.70,13.80,8.80,17.00,20.00
2019-05-20 00:00:00,historical_xlsx,9.10,8.50,8.80,11.60,24.30,19.90,10.60,13.60,14.10,8.90,17.00,20.00
2019-05-22 00:00:00,historical_xlsx,9.00,8.20,8.90,11.80,24.60,20.10,10.60,13.60,13.80,9.00,17.00,20.00
2019-05-27 00:00:00,historical_xlsx,8.90,7.90,8.80,11.70,24.20,20.40,10.50,13.70,14.00,8.90,17.00,20.00
2019-06-10 00:00:00,historical_xlsx,8.80,7.80,8.50,11.60,24.50,20.20,10.50,13.60,14.00,8.90,17.00,20.00
2019-06-14 00:00:00,historical_xlsx,8.70,7.70,8.50,11.50,24.70,20.00,10.60,13.70,14.20,9.00,17.00,20.00
2019-06-17 00:00:00,historical_xlsx,8.70,7.50,8.30,11.60,24.50,20.30,10.50,13.40,14.10,9.10,17.00,20.00
2019-06-19 00:00:00,historical_xlsx,8.50,7.20,8.40,11.60,24.80,20.30,10.50,13.50,14.00,8.90,17.00,20.00
2019-06-21 00:00:00,historical_xlsx,8.40,7.20,8.20,11.50,24.10,20.10,10.40,13.50,13.90,9.00,17.10,19.90
2019-06-24 00:00:00,historical_xlsx,8.40,7.10,8.30,11.60,24.20,19.80,10.70,13.40,14.10,8.90,17.00,20.00
2019-06-26 00:00:00,historical_xlsx,8.30,6.90,8.10,11.50,24.60,19.70,10.60,13.30,14.00,8.90,17.00,20.10
2019-06-28 00:00:00,historical_xlsx,8.10,6.90,8.00,11.30,24.60,20.00,10.40,13.40,13.90,9.00,17.00,20.00
2019-07-01 00:00:00,historical_xlsx,8.20,6.70,7.90,11.40,24.50,20.20,10.60,13.40,13.80,8.90,17.00,19.90
2019-07-03 00:00:00,historical_xlsx,8.00,6.60,7.70,11.20,24.70,20.40,10.40,13.30,14.10,8.90,17.00,20.00
2019-07-30 00:00:00,historical_xlsx,7.90,6.30,7.60,11.00,24.40,20.30,10.40,13.20,13.60,9.10,17.00,20.10
2019-08-01 00:00:00,historical_xlsx,7.90,6.30,7.60,11.00,24.30,20.40,10.20,13.30,13.90,9.10,16.90,20.00
2019-08-06 00:00:00,historical_xlsx,7.90,6.30,7.50,10.80,24.60,20.00,10.40,13.20,14.00,9.10,17.00,20.00
2019-08-07 00:00:00,historical_xlsx,7.90,6.20,7.50,10.80,24.60,19.90,10.20,13.20,13.70,9.10,17.00,19.90
2019-08-12 00:00:00,historical_xlsx,7.70,5.90,7.20,10.70,24.40,19.70,10.10,13.10,13.80,8.80,17.00,20.10
2019-08-15 00:00:00,historical_xlsx,7.60,6.00,7.00,10.70,22.40,20.30,10.30,13.20,13.50,8.90,17.00,20.00
2019-08-16 00:00:00,historical_xlsx,7.50,5.80,7.20,10.50,24.60,20.10,10.10,13.10,13.60,9.00,17.00,19.90
2019-08-20 00:00:00,historical_xlsx,7.60,5.80,7.10,10.40,18.60,20.00,10.30,13.20,13.70,8.90,16.90,20.00
2019-08-21 00:00:00,historical_xlsx,7.50,5.80,7.00,10.40,24.20,19.60,10.30,13.10,13.70,9.10,17.10,20.00
2019-08-23 00:00:00,historical_xlsx,7.40,5.60,6.90,10.40,24.40,19.60,10.20,13.00,13.50,8.80,17.00,20.00
2019-08-26 00:00:00,historical_xlsx,7.30,5.50,6.70,10.40,24.50,20.30,10.10,13.00,13.90,8.90,17.00,20.10
2019-08-28 00:00:00,historical_xlsx,7.20,5.40,6.80,10.00,24.50,20.30,10.10,13.00,13.90,9.10,17.00,20.00
2019-08-30 00:00:00,historical_xlsx,7.20,5.30,6.70,10.00,24.60,20.10,10.30,13.00,13.80,8.90,17.00,19.90
2019-09-02 00:00:00,historical_xlsx,7.30,5.40,6.50,9.90,17.40,20.10,10.20,13.00,13.90,8.90,17.00,20.00
2019-09-03 00:00:00,historical_xlsx,7.10,5.30,6.60,9.70,24.30,20.00,10.20,12.90,13.50,8.80,17.00,20.00
2019-09-12 00:00:00,historical_xlsx,7.00,5.20,6.60,9.70,24.50,20.20,10.30,12.80,13.70,8.90,17.00,20.00
2019-09-16 00:00:00,historical_xlsx,7.00,5.20,6.60,9.60,24.40,20.30,10.00,12.80,13.80,9.00,17.00,20.00
2019-09-18 00:00:00,historical_xlsx,7.00,5.10,6.60,9.40,24.20,20.00,10.20,12.80,13.50,8.60,17.00,20.00
2019-09-20 00:00:00,historical_xlsx,7.00,5.00,6.20,9.20,24.40,19.60,10.10,12.60,13.50,8.80,17.00,19.90
2019-09-23 00:00:00,historical_xlsx,6.80,4.90,6.40,9.20,24.40,19.90,10.10,12.50,13.40,8.70,17.00,20.00
2019-09-25 00:00:00,historical_xlsx,6.70,4.90,6.20,9.00,18.50,20.00,10.20,12.60,13.60,8.60,17.00,19.90
2019-09-27 00:00:00,historical_xlsx,6.70,4.80,6.20,8.70,24.20,20.20,10.00,12.60,13.40,8.80,17.00,20.10
2019-10-01 00:00:00,historical_xlsx,6.60,4.80,6.20,8.60,24.10,19.90,10.00,12.60,13.60,8.70,17.00,20.00
2019-10-04 00:00:00,historical_xlsx,6.40,4.60,5.90,8.30,23.90,19.70,9.90,12.50,13.50,8.50,17.00,20.00
2019-10-08 00:00:00,historical_xlsx,6.00,4.00,5.20,7.20,16.90,20.00,9.90,12.10,13.40,8.20,17.10,20.00
2019-10-09 00:00:00,historical_xlsx,6.00,3.90,5.20,7.10,24.40,20.20,9.80,12.10,13.00,8.40,17.00,20.00
2019-10-15 00:00:00,historical_xlsx,5.80,3.90,5.20,6.90,24.30,20.00,9.80,12.10,13.60,8.30,17.00,20.00
2019-10-17 00:00:00,historical_xlsx,5.90,3.90,5.20,6.80,24.40,20.20,9.80,12.00,13.30,8.20,17.00,20.10
2019-10-21 00:00:00,historical_xlsx,5.80,3.90,5.00,6.70,24.50,19.80,9.80,12.00,13.30,8.20,17.20,20.00
2019-10-23 00:00:00,historical_xlsx,5.70,3.80,5.00,6.50,24.50,19.80,10.00,12.10,13.30,8.00,17.30,20.10
2019-10-31 00:00:00,historical_xlsx,5.60,3.70,4.90,6.10,24.10,20.00,10.00,11.90,13.30,7.80,17.20,19.90
2019-11-07 00:00:00,historical_xlsx,5.60,3.70,5.00,6.00,24.10,19.70,9.80,11.90,13.50,7.80,17.00,20.00
2019-11-12 00:00:00,historical_xlsx,5.50,3.60,4.90,5.90,24.30,20.20,10.00,11.80,13.10,7.70,16.90,20.10
2019-11-14 00:00:00,historical_xlsx,5.40,3.60,4.90,5.50,24.50,20.10,9.80,11.70,13.20,7.40,17.00,20.10
2019-11-18 00:00:00,historical_xlsx,5.40,3.60,4.90,5.50,24.20,19.90,10.00,11.90,13.40,7.50,17.20,19.90
2019-11-21 00:00:00,historical_xlsx,5.30,3.60,4.80,5.20,24.50,19.70,9.80,11.80,13.40,7.30,17.00,19.90
2019-11-22 00:00:00,historical_xlsx,5.40,3.50,4.50,5.20,24.30,19.70,9.80,11.90,13.30,7.00,17.00,19.90
2019-11-26 00:00:00,historical_xlsx,5.30,3.40,4.70,5.20,24.00,20.00,9.80,11.90,13.10,7.30,16.90,20.00
2019-12-09 00:00:00,historical_xlsx,5.10,3.40,4.60,4.70,24.30,19.90,9.90,11.60,13.30,6.70,17.00,20.00
2020-01-24 00:00:00,historical_xlsx,5.00,3.30,4.50,4.20,24.40,20.10,9.70,11.50,13.20,6.10,16.90,19.90
2020-02-14 00:00:00,historical_xlsx,4.80,3.10,4.50,4.00,24.20,20.10,9.70,11.40,13.10,6.00,17.00,20.10
2020-02-17 00:00:00,historical_xlsx,4.90,3.20,4.60,4.00,24.20,20.10,9.50,11.30,13.10,5.70,17.30,20.00
2020-03-30 00:00:00,historical_xlsx,4.50,3.00,4.40,3.20,24.50,19.90,9.80,11.10,12.90,4.00,17.00,20.10
2020-04-01 00:00:00,historical_xlsx,4.50,2.90,4.40,3.10,24.60,19.90,9.60,11.10,13.20,3.90,17.00,20.00
2020-05-19 00:00:00,historical_xlsx,4.40,3.30,4.80,3.50,,,9.70,11.00,13.00,3.90,,
2020-05-20 00:00:00,historical_xlsx,4.30,3.40,4.80,3.50,,,9.80,11.20,13.10,3.90,,
2020-05-21 00:00:00,historical_xlsx,4.10,3.40,4.80,3.40,,19.60,9.70,11.20,12.90,4.10,,20.00
2020-05-22 00:00:00,historical_xlsx,,3.40,4.80,3.50,,,,11.10,13.10,3.90,,
2020-05-25 00:00:00,historical_xlsx,,3.30,4.80,3.30,,,,11.00,12.90,4.00,,
2020-05-26 00:00:00,historical_xlsx,4.20,3.30,4.80,3.30,,,9.80,11.10,13.10,4.00,,
2020-05-27 00:00:00,historical_xlsx,4.10,3.30,4.80,3.40,,20.20,9.80,11.00,13.00,3.90,,20.00
2020-05-29 00:00:00,historical_xlsx,4.00,3.30,4.80,3.30,,19.90,9.60,11.20,13.20,4.10,,20.10
2020-06-01 00:00:00,historical_xlsx,3.90,3.40,4.80,3.40,23.30,19.80,9.20,11.50,13.10,4.70,17.00,19.90
2020-06-02 00:00:00,historical_xlsx,3.80,3.30,4.80,3.30,24.40,19.60,9.30,11.50,13.10,4.60,16.90,20.00
2020-06-03 00:00:00,historical_xlsx,3.80,3.40,4.80,3.40,24.40,19.40,9.20,11.60,13.30,4.70,17.00,20.00
2020-06-04 00:00:00,historical_xlsx,3.70,3.40,4.80,3.40,24.50,20.00,9.00,11.50,13.30,4.50,17.00,20.00
2020-06-05 00:00:00,historical_xlsx,3.60,3.40,4.80,3.30,,,9.00,11.60,13.10,4.40,,
2020-06-09 00:00:00,historical_xlsx,3.60,3.30,4.80,3.30,17.10,20.00,9.30,11.40,13.10,4.50,17.00,20.00
2020-06-12 00:00:00,historical_xlsx,3.60,3.40,4.80,3.40,24.30,19.60,9.00,11.60,13.20,4.80,17.10,19.90
2020-06-15 00:00:00,historical_xlsx,3.50,3.30,4.80,3.40,17.10,19.40,9.00,11.60,13.10,4.60,17.00,20.00
2020-06-18 00:00:00,historical_xlsx,3.50,3.40,4.80,3.40,24.60,20.10,8.90,11.60,13.20,4.50,17.00,20.00
2020-06-23 00:00:00,historical_xlsx,3.30,3.30,4.80,3.30,17.00,19.80,9.20,11.40,13.20,4.60,17.00,20.00
2020-06-26 00:00:00,historical_xlsx,3.30,3.20,4.80,3.40,16.90,19.80,9.00,11.40,13.10,4.50,17.00,20.10
2020-07-01 00:00:00,historical_xlsx,3.20,3.20,4.80,3.30,16.90,19.90,8.90,11.50,13.10,4.70,16.90,20.00
2020-07-14 00:00:00,historical_xlsx,3.20,3.20,4.80,3.30,24.00,20.10,9.10,11.60,13.20,4.60,17.00,20.10
2020-07-23 00:00:00,historical_xlsx,3.00,3.20,4.70,3.40,17.00,20.00,8.80,11.50,13.20,4.70,17.00,20.00
2020-07-30 00:00:00,historical_xlsx,2.90,3.20,4.70,3.30,17.00,20.00,9.10,11.40,13.10,4.70,17.00,19.90
2020-08-05 00:00:00,historical_xlsx,2.80,3.20,4.70,3.40,17.10,19.70,9.10,11.60,13.20,4.50,17.00,19.90
2020-08-13 00:00:00,historical_xlsx,2.80,3.20,4.70,3.20,17.00,19.60,9.10,11.60,13.30,4.70,17.00,19.90
2020-08-24 00:00:00,historical_xlsx,2.70,3.20,4.70,3.40,16.90,19.90,8.90,11.50,13.30,4.60,16.90,20.00
2020-08-26 00:00:00,historical_xlsx,2.70,3.20,4.70,3.30,21.20,20.00,8.00,11.40,13.10,4.50,17.00,20.00
2020-08-31 00:00:00,historical_xlsx,2.60,3.10,4.60,3.60,22.40,20.00,7.80,11.40,13.10,4.40,17.00,20.00
2020-09-03 00:00:00,historical_xlsx,2.50,3.20,4.60,3.20,17.00,20.00,7.80,11.40,13.20,4.40,17.00,20.00
2020-09-14 00:00:00,historical_xlsx,2.60,3.10,4.70,3.10,16.80,19.90,8.00,11.50,13.10,4.30,16.90,19.90
2020-09-21 00:00:00,historical_xlsx,2.50,3.10,4.70,3.10,17.00,19.80,7.70,11.30,12.90,4.40,17.00,20.00
2020-09-23 00:00:00,historical_xlsx,3.00,3.20,4.70,3.40,23.10,19.70,7.80,11.40,13.00,4.40,16.90,20.00
2020-09-24 00:00:00,historical_xlsx,2.80,3.10,4.60,3.00,16.90,19.60,7.70,11.40,13.10,4.40,16.90,20.00
2020-09-25 00:00:00,historical_xlsx,2.70,3.10,4.60,3.10,24.00,19.60,7.80,11.40,13.00,4.30,17.00,20.10
2020-09-29 00:00:00,historical_xlsx,2.70,3.10,4.70,3.00,24.30,19.80,7.80,11.40,13.10,4.40,17.00,20.00
2020-09-30 00:00:00,historical_xlsx,2.60,3.10,4.60,3.00,24.00,19.90,7.80,11.40,13.20,4.40,16.90,19.90
2020-10-01 00:00:00,historical_xlsx,2.50,3.10,4.60,3.10,24.00,19.90,7.80,11.40,13.20,4.40,17.00,20.00
2020-10-06 00:00:00,historical_xlsx,3.00,3.10,4.60,3.10,,19.70,7.80,11.40,13.20,4.40,,20.00
2020-10-07 00:00:00,historical_xlsx,3.10,3.10,4.60,3.10,23.90,20.00,7.80,11.40,13.10,4.30,17.00,19.90
2020-10-12 00:00:00,historical_xlsx,3.00,3.10,4.50,3.00,16.90,19.80,7.90,11.30,12.90,4.10,16.90,20.10
2020-10-13 00:00:00,historical_xlsx,3.00,3.10,4.60,3.00,24.30,20.00,8.10,11.40,13.20,4.20,17.00,20.00
2020-10-26 00:00:00,historical_xlsx,2.90,3.10,4.70,3.00,17.00,19.50,7.80,11.40,13.10,4.10,16.90,20.00
2020-11-02 00:00:00,historical_xlsx,2.80,3.10,4.60,2.90,17.10,20.00,7.80,11.40,13.00,4.20,17.10,19.90
2020-11-05 00:00:00,historical_xlsx,2.80,3.10,4.60,3.00,16.90,20.00,8.10,11.30,13.00,4.20,17.10,20.00
2020-11-10 00:00:00,historical_xlsx,2.80,3.00,4.60,2.90,16.80,19.90,8.20,11.30,13.00,4.20,16.90,20.00
2020-11-13 00:00:00,historical_xlsx,2.80,3.00,4.60,2.90,17.00,19.50,8.10,11.50,13.20,4.20,16.90,20.10
2020-11-26 00:00:00,historical_xlsx,2.80,3.10,4.60,2.90,17.10,19.70,7.90,11.30,13.10,4.50,16.90,19.90
2020-12-08 00:00:00,historical_xlsx,2.70,3.00,4.60,2.80,16.90,20.00,8.10,11.40,13.10,4.30,17.10,20.00
2020-12-10 00:00:00,historical_xlsx,2.80,3.10,4.60,2.80,24.10,19.90,7.70,11.30,12.80,3.70,17.00,20.10
2020-12-14 00:00:00,historical_xlsx,2.80,3.00,4.60,2.80,22.80,19.70,7.80,11.10,13.10,3.70,17.00,20.00
2020-12-18 00:00:00,historical_xlsx,2.70,3.00,4.60,2.80,24.10,19.80,7.90,11.20,12.80,3.80,17.00,19.90
2021-01-04 00:00:00,historical_xlsx,2.70,3.10,4.60,2.80,20.60,20.00,7.60,11.30,13.00,3.80,17.00,20.10
2021-01-06 00:00:00,historical_xlsx,2.60,3.00,4.60,2.60,24.40,19.80,7.70,11.20,12.90,3.50,17.00,19.90
2021-01-08 00:00:00,historical_xlsx,2.50,2.90,4.60,2.70,24.20,19.60,7.50,11.10,12.80,3.70,17.00,20.10
2021-01-12 00:00:00,historical_xlsx,2.70,3.00,4.60,2.60,20.90,19.70,7.50,11.10,12.80,3.50,17.00,20.10
2021-01-18 00:00:00,historical_xlsx,2.60,2.90,4.60,2.60,24.10,19.80,7.30,11.10,12.80,3.50,17.00,20.10
2021-01-20 00:00:00,historical_xlsx,2.50,2.90,4.50,2.60,24.00,20.00,7.50,11.10,12.80,3.40,17.00,20.00
2021-01-22 00:00:00,historical_xlsx,2.50,3.00,4.60,2.60,18.70,19.80,7.50,11.00,12.70,3.40,16.90,20.00
2021-02-03 00:00:00,historical_xlsx,2.40,2.90,4.60,2.60,24.10,19.90,7.40,11.10,12.70,3.40,17.00,20.00
2021-02-04 00:00:00,historical_xlsx,2.50,3.00,4.60,2.50,24.20,20.10,7.20,11.00,13.00,3.40,17.00,19.90
2021-02-09 00:00:00,historical_xlsx,2.50,2.90,4.60,2.50,24.10,19.70,7.30,11.10,13.10,3.30,17.00,20.10
2021-02-15 00:00:00,historical_xlsx,2.40,3.00,4.60,2.60,24.30,19.50,7.20,11.20,13.00,3.20,17.00,19.90
2021-02-19 00:00:00,historical_xlsx,2.40,3.00,4.60,2.50,24.20,19.90,7.20,11.10,12.80,3.50,17.00,19.90
2021-02-22 00:00:00,historical_xlsx,2.50,3.00,4.50,2.50,24.30,19.90,7.20,11.10,12.70,3.20,17.00,20.00
2021-02-26 00:00:00,historical_xlsx,2.40,2.90,4.60,2.40,24.00,19.70,7.10,11.10,13.10,3.30,17.10,20.10
2021-03-01 00:00:00,historical_xlsx,2.40,3.00,4.50,2.50,24.00,20.00,7.30,11.00,13.10,3.20,17.00,20.00
2021-03-03 00:00:00,historical_xlsx,2.40,3.00,4.60,2.40,23.60,19.70,7.10,11.10,13.00,3.10,17.00,20.10
2021-03-05 00:00:00,historical_xlsx,2.30,2.90,4.50,2.50,20.10,19.40,7.10,11.10,13.10,3.20,16.90,20.10
2021-03-11 00:00:00,historical_xlsx,2.40,3.00,4.60,2.40,24.00,19.80,7.20,11.10,12.90,3.10,17.00,20.00
2021-03-16 00:00:00,historical_xlsx,2.30,2.90,4.50,2.40,17.80,19.80,7.20,11.00,13.00,3.30,16.90,19.90
2021-03-18 00:00:00,historical_xlsx,2.20,3.10,4.50,2.40,24.20,19.70,7.00,11.10,13.20,3.10,17.00,19.90
2021-03-31 00:00:00,historical_xlsx,10.40,3.00,4.50,2.50,24.30,19.30,14.00,11.20,13.20,3.20,17.00,20.00
2021-04-06 00:00:00,historical_xlsx,10.10,2.90,4.50,2.40,24.20,19.90,13.90,11.10,13.20,3.10,17.00,20.00
2021-04-13 00:00:00,historical_xlsx,10.20,2.90,4.50,2.50,24.20,20.00,14.00,11.10,13.10,3.10,17.00,20.10
2021-04-23 00:00:00,historical_xlsx,10.20,2.90,4.50,2.40,24.10,19.90,14.00,11.10,13.10,3.20,17.30,20.10
2021-04-26 00:00:00,historical_xlsx,10.60,2.90,4.60,2.40,24.10,20.10,13.90,11.10,13.00,3.20,17.00,20.00
2021-04-29 00:00:00,historical_xlsx,10.30,2.90,4.50,2.30,23.70,19.70,13.90,11.10,13.00,3.00,17.00,19.90
2021-05-03 00:00:00,historical_xlsx,10.20,2.90,4.50,2.40,24.40,19.90,14.10,11.10,13.00,3.30,17.00,20.00
2021-05-10 00:00:00,historical_xlsx,10.60,2.90,4.50,2.40,23.80,18.90,13.90,11.10,13.10,3.20,16.90,19.90
2021-05-25 00:00:00,historical_xlsx,10.40,3.00,4.40,2.30,24.10,19.60,13.80,11.10,12.90,3.20,16.90,19.90
2021-07-29 00:00:00,historical_xlsx,10.70,2.80,4.50,11.40,24.20,20.00,13.90,11.10,12.80,8.70,17.00,20.00
2021-08-27 00:00:00,historical_xlsx,10.70,2.70,4.40,10.90,24.30,19.10,13.50,10.80,13.00,8.80,17.00,20.00
2021-09-01 00:00:00,historical_xlsx,10.70,2.70,4.40,10.80,24.10,19.60,13.90,11.10,12.80,8.90,17.00,20.00
2021-09-10 00:00:00,historical_xlsx,10.80,11.80,4.60,11.40,24.40,22.30,13.80,8.50,12.80,8.70,17.00,20.10
2021-09-15 00:00:00,historical_xlsx,10.70,11.70,4.70,11.10,24.20,20.00,14.00,8.60,13.20,8.80,17.00,20.10
2021-09-29 00:00:00,historical_xlsx,10.70,11.70,4.70,11.30,19.70,19.50,13.50,8.60,13.10,8.90,17.00,20.10
2021-10-01 00:00:00,historical_xlsx,10.70,11.50,4.70,11.10,24.30,19.60,13.60,8.70,12.70,9.00,17.00,20.00
2021-10-05 00:00:00,historical_xlsx,10.50,11.60,4.70,11.10,24.20,19.90,13.50,8.70,13.00,9.10,17.00,20.10
2021-10-07 00:00:00,historical_xlsx,10.40,12.00,4.70,11.30,23.90,19.90,13.50,8.70,12.70,9.00,17.00,20.00
2021-10-12 00:00:00,historical_xlsx,10.30,11.90,4.70,11.40,24.40,19.00,13.80,8.80,13.10,9.00,17.00,19.90
2021-10-19 00:00:00,historical_xlsx,10.20,11.70,4.70,11.10,24.20,19.70,13.60,8.60,12.80,9.10,17.00,20.10
2021-10-27 00:00:00,historical_xlsx,10.00,11.50,4.60,11.40,24.40,19.70,13.70,8.90,13.10,8.90,17.00,19.90
2021-11-08 00:00:00,historical_xlsx,10.00,11.20,4.60,11.30,24.40,19.80,13.70,8.80,13.10,9.00,17.00,19.90
2021-11-10 00:00:00,historical_xlsx,9.90,11.70,4.60,11.00,24.40,19.80,13.50,8.80,12.80,8.90,17.00,20.00
2021-11-16 00:00:00,historical_xlsx,9.80,11.50,4.60,11.50,24.30,19.30,13.60,8.70,13.00,9.10,17.00,20.10
2021-11-18 00:00:00,historical_xlsx,9.70,11.70,4.60,11.40,24.30,19.70,13.60,8.70,13.00,9.10,17.00,20.10
2021-11-23 00:00:00,historical_xlsx,9.60,11.70,4.60,11.40,24.30,19.90,13.50,8.80,12.90,9.10,17.00,20.10
2021-11-25 00:00:00,historical_xlsx,9.70,11.70,4.60,11.10,24.40,19.90,13.70,8.70,12.70,8.90,17.00,19.90
2021-11-29 00:00:00,historical_xlsx,9.90,11.60,4.60,10.90,24.20,19.70,13.80,8.80,13.00,8.80,17.00,20.00
2021-12-03 00:00:00,historical_xlsx,9.80,11.50,4.60,11.40,24.00,19.70,13.40,8.80,13.10,9.10,17.00,20.10
2021-12-14 00:00:00,historical_xlsx,9.60,11.60,4.60,10.90,24.20,19.50,13.80,8.80,12.70,9.00,17.00,20.00
2022-01-20 00:00:00,historical_xlsx,9.50,11.50,9.20,11.10,19.10,19.80,13.60,8.80,13.00,8.90,17.00,19.90
2022-02-01 00:00:00,historical_xlsx,9.70,10.40,9.20,11.10,24.60,19.80,13.80,8.80,13.20,9.10,16.90,19.90
2022-02-07 00:00:00,historical_xlsx,9.60,10.80,8.90,11.20,18.90,19.60,13.80,8.90,12.80,9.10,17.00,20.10
2022-02-10 00:00:00,historical_xlsx,9.50,11.10,9.10,11.20,11.20,19.60,13.70,8.90,13.10,9.00,16.80,20.00
2022-02-25 00:00:00,historical_xlsx,9.50,11.30,8.90,11.30,11.80,19.80,13.80,9.00,13.30,9.20,16.80,19.90
2022-03-04 00:00:00,historical_xlsx,9.70,11.10,9.00,10.90,11.40,19.70,13.90,8.90,13.00,9.20,17.10,20.00
2022-03-17 00:00:00,historical_xlsx,9.40,11.40,8.70,11.20,11.20,19.90,14.00,9.10,12.80,9.10,17.00,20.00
2022-03-30 00:00:00,historical_xlsx,9.20,11.40,8.80,11.10,12.10,19.90,13.70,9.10,13.10,9.10,16.90,20.00
2022-05-11 00:00:00,historical_xlsx,12.20,10.50,8.80,11.30,9.50,19.60,14.40,9.00,13.60,8.90,16.60,19.90
2022-05-16 00:00:00,historical_xlsx,12.20,10.30,8.70,10.80,9.20,19.70,14.50,9.20,13.50,9.20,17.10,20.10
2022-05-23 00:00:00,historical_xlsx,12.30,10.10,8.70,10.50,9.00,19.90,14.60,9.00,13.60,9.00,17.00,20.00
2022-08-22 00:00:00,historical_xlsx,11.90,9.40,8.40,10.30,23.30,16.20,14.60,9.00,13.40,9.00,17.00,20.00
2022-10-04 00:00:00,historical_xlsx,11.90,8.80,8.50,10.40,23.60,16.00,14.30,9.00,13.30,9.00,17.00,20.00
2022-10-26 00:00:00,historical_xlsx,11.80,8.60,8.30,10.40,17.40,16.30,14.10,8.80,13.20,9.20,16.90,20.00
2022-11-10 00:00:00,historical_xlsx,11.90,8.40,8.10,10.40,17.30,15.30,14.10,8.80,13.20,9.40,17.00,20.00
2023-01-10 00:00:00,historical_xlsx,11.40,9.70,7.80,10.30,16.80,14.60,14.40,8.20,13.50,8.90,17.00,20.00
2023-01-13 00:00:00,historical_xlsx,11.30,9.50,7.80,10.40,16.90,14.80,14.50,8.20,13.50,9.40,17.00,20.00
2023-01-24 00:00:00,historical_xlsx,11.40,9.00,7.90,9.80,15.60,14.60,14.70,8.10,13.20,9.40,17.00,20.00
2023-02-03 00:00:00,historical_xlsx,11.50,8.60,7.80,9.60,22.80,15.30,14.70,7.90,13.30,9.40,17.00,20.00
2023-02-14 00:00:00,historical_xlsx,11.40,8.40,7.60,9.70,16.20,14.20,14.70,7.90,13.40,9.40,17.00,20.00
2023-02-23 00:00:00,historical_xlsx,11.70,8.20,7.70,9.60,15.80,14.70,14.70,7.90,13.40,9.40,17.00,20.00
2023-03-14 00:00:00,historical_xlsx,11.20,8.10,7.50,9.80,22.20,14.70,14.50,7.90,13.50,9.40,17.00,20.00
2023-05-03 00:00:00,historical_xlsx,11.60,7.60,7.50,9.80,21.60,14.90,14.50,7.70,13.40,9.60,17.00,20.00
2023-05-25 00:00:00,historical_xlsx,11.40,7.20,7.40,9.80,20.80,14.20,14.60,7.80,13.40,9.60,17.00,20.00
2023-08-14 00:00:00,historical_xlsx,11.60,6.70,7.30,9.80,18.80,18.20,14.30,7.50,13.30,9.60,17.00,20.00
2023-08-21 00:00:00,historical_xlsx,11.70,6.60,7.20,9.70,19.40,18.50,14.20,7.30,13.30,9.50,17.00,20.00
2023-08-24 00:00:00,historical_xlsx,11.60,6.70,7.30,9.80,18.80,18.20,14.30,7.50,13.30,9.60,17.00,20.00
2023-08-30 00:00:00,historical_xlsx,11.30,6.50,7.10,9.70,11.30,18.40,14.20,7.30,13.20,9.50,17.00,20.00
2023-09-07 00:00:00,historical_xlsx,11.80,6.40,7.20,9.70,23.00,19.10,14.20,7.30,13.20,9.50,17.00,20.00
2023-09-15 00:00:00,historical_xlsx,11.60,6.30,7.10,9.70,21.10,19.00,14.20,7.20,13.20,9.50,17.00,20.00
2023-09-25 00:00:00,historical_xlsx,11.30,6.20,7.00,9.60,22.40,18.70,14.20,7.20,13.20,9.50,17.00,20.00
2023-10-02 00:00:00,historical_xlsx,11.90,6.00,6.90,9.60,22.60,18.40,14.20,7.20,13.10,9.50,17.00,20.00
2023-10-18 00:00:00,historical_xlsx,11.50,5.90,6.80,9.70,22.80,18.70,14.20,7.20,13.10,9.50,17.00,20.00
2023-10-25 00:00:00,historical_xlsx,12.00,5.80,6.90,9.60,22.80,18.70,14.20,7.20,13.10,9.40,17.00,20.00
2023-11-01 00:00:00,historical_xlsx,11.60,5.70,6.80,9.50,20.70,19.10,14.20,7.20,13.10,9.40,17.00,20.00
2023-11-21 00:00:00,historical_xlsx,11.50,5.50,6.70,9.60,20.70,19.80,14.20,7.20,13.20,9.40,17.00,20.00
2023-11-29 00:00:00,historical_xlsx,11.70,5.40,6.60,9.50,20.50,20.00,14.20,7.10,13.00,9.30,17.00,20.00
2024-01-12 00:00:00,historical_xlsx,11.70,13.90,6.60,9.60,23.80,17.10,14.40,12.50,13.00,9.20,17.00,20.00
2024-01-23 00:00:00,historical_xlsx,11.80,13.80,6.60,9.90,17.00,17.00,16.40,14.70,15.80,11.20,17.00,20.00
2024-01-29 00:00:00,historical_xlsx,12.00,13.80,6.50,9.70,23.40,17.20,16.40,14.70,15.80,11.20,17.00,20.00
2024-02-07 00:00:00,historical_xlsx,12.00,13.80,6.40,9.70,20.00,16.40,16.40,14.70,15.80,11.20,17.00,20.00
2024-02-22 00:00:00,historical_xlsx,11.90,13.80,6.40,9.70,23.90,16.70,16.40,14.70,15.80,11.20,17.00,20.00
2024-02-29 00:00:00,historical_xlsx,11.80,13.90,6.20,9.70,16.70,17.20,16.40,14.70,15.80,11.20,17.00,20.00
2024-03-08 00:00:00,historical_xlsx,11.90,13.80,6.20,9.60,24.00,16.90,16.40,14.70,15.80,11.20,17.00,20.00
2024-03-14 00:00:00,historical_xlsx,12.00,13.80,6.30,9.60,24.10,17.10,16.40,14.70,15.80,11.20,17.00,20.00
2024-04-08 00:00:00,historical_xlsx,12.10,13.80,5.90,9.40,22.10,16.80,14.40,12.50,13.30,9.20,17.00,20.00
2024-04-11 00:00:00,historical_xlsx,12.10,13.80,6.00,9.50,22.40,17.30,16.40,14.80,15.90,11.30,17.00,20.00
2024-04-19 00:00:00,historical_xlsx,12.20,13.90,6.00,9.50,14.90,17.00,16.40,14.80,15.90,11.30,17.00,20.00
2024-05-15 00:00:00,historical_xlsx,12.00,13.80,5.90,9.50,20.00,17.50,16.40,14.80,15.90,11.30,17.00,20.00
2024-05-27 00:00:00,historical_xlsx,12.10,13.70,5.90,9.40,15.50,17.30,16.40,14.90,16.00,11.20,17.00,20.00
2024-06-05 00:00:00,historical_xlsx,12.10,13.90,5.80,9.60,22.20,16.90,16.40,14.90,16.00,11.20,17.00,20.00
2024-06-24 00:00:00,historical_xlsx,12.10,13.70,5.70,9.40,15.50,17.70,14.40,12.50,13.30,9.20,17.00,20.00
2024-08-08 00:00:00,historical_xlsx,11.60,13.70,5.40,9.10,16.30,17.20,13.70,12.50,13.20,8.70,17.00,20.00
2024-08-28 00:00:00,historical_xlsx,11.60,13.70,5.30,9.20,13.60,17.50,13.70,12.50,13.20,8.70,17.00,20.00
2024-10-09 00:00:00,historical_xlsx,12.10,13.90,5.40,9.50,11.00,17.50,17.40,15.90,16.90,12.70,17.00,20.00
2024-10-30 00:00:00,historical_xlsx,12.00,13.70,5.30,9.50,11.60,17.90,17.40,15.90,17.00,12.70,17.00,20.00
2024-11-19 00:00:00,historical_xlsx,12.10,13.70,5.20,9.20,13.30,17.30,15.20,13.70,14.60,10.20,17.00,20.00
2024-12-18 00:00:00,historical_xlsx,12.00,13.80,5.20,9.40,10.30,17.50,17.60,16.00,17.00,12.70,17.00,20.00
2025-01-13 00:00:00,historical_xlsx,12.00,14.00,9.10,9.20,10.00,14.10,17.40,16.20,13.00,12.70,16.90,20.00
2025-02-14 00:00:00,historical_xlsx,12.00,13.80,9.10,9.10,10.90,17.50,16.40,14.90,11.60,11.40,17.00,20.00
2025-03-07 00:00:00,historical_xlsx,12.00,13.80,9.50,9.00,10.70,17.10,16.40,15.00,11.70,11.40,17.00,20.00
2025-03-19 00:00:00,historical_xlsx,11.90,13.80,9.20,9.00,10.70,17.00,16.40,15.00,11.70,11.40,17.00,20.00
2025-04-04 00:00:00,historical_xlsx,12.00,13.80,9.20,9.00,10.40,17.20,16.40,15.00,11.60,11.40,17.00,20.00
2025-04-29 00:00:00,historical_xlsx,12.10,13.70,9.20,9.00,10.50,16.80,16.30,14.90,11.70,11.40,17.00,20.00
2025-05-12 00:00:00,historical_xlsx,12.00,13.70,9.30,9.00,10.50,16.90,16.30,14.90,11.70,11.40,17.00,20.00
2025-06-17 00:00:00,historical_xlsx,11.90,13.70,9.40,8.70,11.30,17.10,14.00,12.40,8.70,8.50,16.20,20.00
2025-09-23 00:00:00,historical_xlsx,12.30,13.70,9.50,8.70,10.40,18.00,16.40,14.80,11.80,11.40,16.20,20.00
2025-12-05 00:00:00,historical_xlsx,12.30,13.70,9.10,8.40,12.90,18.40,16.50,14.70,11.80,11.30,16.20,20.00
2025-12-05 09:00:00,cpva_update,,,,,,18.50,,,,,,19.99
2025-12-05 13:30:00,cpva_update,12.26,13.70,9.12,8.38,12.81,18.52,16.49,14.67,11.79,11.22,16.03,20.00
2025-12-05 18:00:00,cpva_update,,,,,,18.55,,,,,,20.00
2025-12-08 09:00:00,cpva_update,,,,,,18.01,,,,,,20.00
2025-12-08 13:30:00,cpva_update,,,,,,18.09,,,,,,20.00
2025-12-08 18:00:00,cpva_update,,,,,,18.15,,,,,,20.01
2025-12-09 09:00:00,cpva_update,,,,,,18.08,,,,,,20.01
2025-12-09 13:30:00,cpva_update,,,,,,18.07,,,,,,20.00
2025-12-10 13:30:00,cpva_update,12.26,13.70,9.08,8.41,12.96,18.49,16.51,14.69,11.78,11.28,16.15,20.00
2025-12-11 13:30:00,cpva_update,12.34,13.70,9.07,8.34,13.08,18.42,16.51,14.66,11.77,11.22,16.20,20.00
2025-12-12 13:30:00,cpva_update,12.35,13.72,9.20,8.40,13.11,18.15,16.52,14.70,11.80,11.25,16.20,20.00
2025-12-15 13:30:00,cpva_update,,,,,,18.08,,,,,,20.00
2025-12-15 18:00:00,cpva_update,,,,,,18.20,,,,,,20.00
2025-12-16 13:30:00,cpva_update,12.32,13.70,9.30,8.40,13.04,18.46,16.51,14.69,11.75,11.27,16.21,19.99
2026-01-13 13:30:00,cpva_update,,,,,,18.48,,,,,,20.00
2026-01-14 13:30:00,cpva_update,,,,,,18.18,,,,,,20.00
2026-01-14 18:00:00,cpva_update,,,,,22.89,,,,,,30.96,
2026-01-15 13:30:00,cpva_update,,,,,,18.17,,,,,,20.00
2026-01-17 13:30:00,cpva_update,,,,,,18.17,,,,,,20.00
2026-01-19 09:00:00,cpva_update,,,,,,18.16,,,,,,20.01
2026-01-19 13:30:00,cpva_update,,,,,,18.19,,,,,,20.00
2026-01-19 18:00:00,cpva_update,,,,,,18.24,,,,,,20.00
2026-01-20 09:00:00,cpva_update,,,,,,18.50,,,,,,20.01
2026-01-20 13:30:00,cpva_update,12.47,13.73,9.36,8.50,21.00,18.54,16.49,14.89,11.80,11.38,16.70,20.00
2026-01-20 18:00:00,cpva_update,12.47,13.70,9.35,8.51,21.03,18.62,16.47,14.89,11.85,11.46,16.70,20.00
2026-01-21 09:00:00,cpva_update,,,,,,18.18,,,,,,20.00
2026-01-21 13:30:00,cpva_update,,,,,,18.31,,,,,,20.02
2026-01-21 18:00:00,cpva_update,12.30,13.70,9.29,8.42,21.02,18.39,16.41,14.89,11.90,11.46,16.70,20.00
2026-01-22 09:00:00,cpva_update,,,,,,18.19,,,,,,20.00
2026-01-22 13:30:00,cpva_update,12.33,13.70,9.39,8.30,21.05,18.11,16.47,14.86,11.89,11.44,16.70,20.00
2026-01-22 18:00:00,cpva_update,12.35,13.70,9.29,8.36,21.25,18.28,16.52,14.86,11.88,11.36,16.70,20.00
2026-01-23 09:00:00,cpva_update,,,,,,18.48,,,,,,20.00
2026-01-23 13:30:00,cpva_update,12.23,13.70,9.56,8.40,21.22,18.54,16.50,14.77,11.79,11.19,16.70,20.00
2026-01-23 18:00:00,cpva_update,12.20,13.70,9.51,8.40,15.32,18.57,16.49,14.76,11.76,11.18,16.70,20.00
2026-01-26 09:00:00,cpva_update,,,,,,18.38,,,,,,20.01
2026-01-26 13:30:00,cpva_update,,,,,,18.34,,,,,,20.00
2026-01-26 18:00:00,cpva_update,,,,,10.28,18.51,,,,,16.68,20.01
2026-01-27 09:00:00,cpva_update,,,,,,18.21,,,,,,20.00
2026-01-27 13:30:00,cpva_update,,,,,,18.22,,,,,,20.00
2026-01-27 18:00:00,cpva_update,12.43,13.70,9.47,8.37,10.31,18.37,16.50,14.76,11.68,11.20,16.40,20.00
2026-01-28 13:30:00,cpva_update,,,,,,18.16,,,,,,20.02
2026-01-28 18:00:00,cpva_update,12.40,13.70,9.47,8.35,10.46,18.22,16.49,14.79,11.79,11.20,16.38,20.00
2026-01-29 13:30:00,cpva_update,,,,,,18.58,,,,,,20.00
2026-01-29 18:00:00,cpva_update,12.40,13.70,9.47,8.37,10.60,18.74,16.48,14.86,11.87,11.37,16.22,20.00
2026-01-30 09:00:00,cpva_update,,,,,,18.60,,,,,,20.00
2026-01-30 13:30:00,cpva_update,12.34,13.70,9.49,8.44,10.59,18.51,16.46,14.88,11.68,11.19,16.20,20.00
2026-01-30 18:00:00,cpva_update,12.34,13.70,9.41,8.49,9.14,18.77,16.49,14.89,11.70,11.18,16.21,20.00
2026-02-02 09:00:00,cpva_update,,,,,,18.15,,,,,,20.00
2026-02-02 13:30:00,cpva_update,,,,,,18.30,,,,,,20.01
2026-02-02 18:00:00,cpva_update,12.28,13.70,9.48,8.41,9.08,18.23,16.48,14.88,11.75,11.36,16.20,20.00
2026-02-03 09:00:00,cpva_update,,,,,,18.58,,,,,,20.00
2026-02-03 13:30:00,cpva_update,12.36,13.69,9.41,8.37,9.04,18.58,16.45,14.81,11.63,11.38,16.20,20.00
2026-02-03 18:00:00,cpva_update,12.43,13.70,9.44,8.38,9.06,18.68,16.50,14.77,11.72,11.34,16.21,20.00
2026-02-04 09:00:00,cpva_update,,,,,,18.58,,,,,,20.00
2026-02-04 13:30:00,cpva_update,12.36,13.70,9.42,8.44,9.07,18.65,16.50,14.75,11.78,11.37,16.18,20.00
2026-02-04 18:00:00,cpva_update,12.42,13.70,9.41,8.50,9.09,18.70,16.46,14.86,11.83,11.37,16.20,20.00
2026-02-05 09:00:00,cpva_update,12.40,13.81,9.44,8.30,9.13,18.23,16.44,14.87,11.87,11.37,16.22,20.01
2026-02-05 13:30:00,cpva_update,12.37,13.71,9.39,8.34,9.95,18.32,16.48,14.88,11.88,11.35,16.21,20.00
2026-02-05 18:00:00,cpva_update,12.36,13.70,9.39,8.33,9.94,18.34,16.61,14.87,11.86,11.35,16.22,20.02
2026-02-06 09:00:00,cpva_update,12.37,13.70,9.37,8.38,9.85,18.25,16.59,14.84,11.78,11.40,16.22,20.00
2026-02-06 13:30:00,cpva_update,12.43,13.70,9.36,8.41,9.88,18.28,16.60,14.86,11.77,11.35,16.20,20.01
2026-02-06 18:00:00,cpva_update,12.41,13.71,9.35,8.42,9.91,18.42,16.61,14.86,11.77,11.36,16.20,20.00
2026-02-09 09:00:00,cpva_update,12.51,13.80,9.45,8.30,9.96,18.65,16.61,14.87,11.76,11.37,16.22,20.01
2026-02-09 13:30:00,cpva_update,12.44,13.70,9.37,8.35,9.99,18.70,16.60,14.88,11.85,11.36,16.24,20.01
2026-02-10 13:30:00,cpva_update,12.35,13.79,9.49,8.40,10.00,18.42,16.49,14.78,11.76,11.37,16.20,20.01
2026-02-12 13:30:00,cpva_update,12.10,13.65,9.28,8.25,9.97,18.77,14.11,12.69,9.18,8.49,16.17,20.00
2026-02-13 13:30:00,cpva_update,12.11,13.60,9.27,8.28,9.98,18.35,14.10,12.68,9.13,8.46,16.19,20.00
2026-02-16 13:30:00,cpva_update,,,,,,18.33,,,,,,20.01
2026-02-17 09:00:00,cpva_update,,,,,,18.63,,,,,,20.00
2026-02-17 13:30:00,cpva_update,,,,,,18.76,,,,,,19.99
2026-02-17 18:00:00,cpva_update,,,,,,18.76,,,,,,20.01
2026-02-18 09:00:00,cpva_update,,,,,,18.66,,,,,,19.99
2026-02-18 13:30:00,cpva_update,,,,,,18.61,,,,,,20.00
2026-02-18 18:00:00,cpva_update,,,,,,18.66,,,,,,20.01
2026-02-19 09:00:00,cpva_update,,,,,,18.35,,,,,,20.01
2026-02-19 13:30:00,cpva_update,,,,,,18.34,,,,,,20.00
2026-02-19 18:00:00,cpva_update,,,,,,18.34,,,,,,20.01
2026-02-20 09:00:00,cpva_update,,,,,,18.30,,,,,,20.00
2026-02-20 13:30:00,cpva_update,,,,,,18.43,,,,,,20.00
2026-02-23 09:00:00,cpva_update,,,,,,18.47,,,,,,20.00
2026-02-23 13:30:00,cpva_update,,,,,,18.56,,,,,,20.00
2026-02-24 09:00:00,cpva_update,,,,,,18.69,,,,,,20.03
2026-02-24 13:30:00,cpva_update,,,,,,18.67,,,,,,20.00
2026-02-25 09:00:00,cpva_update,,,,,,18.35,,,,,,20.00
2026-02-25 13:30:00,cpva_update,,,,,,18.35,,,,,,20.00
2026-02-25 18:00:00,cpva_update,,,,,,18.18,,,,,,20.00
2026-02-26 09:00:00,cpva_update,,,,,,18.24,,,,,,20.02
2026-02-26 13:30:00,cpva_update,12.42,13.72,9.38,8.34,9.90,18.27,16.51,14.78,11.79,11.37,16.21,20.00
2026-02-26 18:00:00,cpva_update,12.39,13.70,9.39,8.38,9.91,18.27,16.49,14.90,11.78,11.36,16.20,20.00
2026-02-27 09:00:00,cpva_update,,,,,,15.48,,,,,,0.00
2026-02-27 13:30:00,cpva_update,12.44,13.70,9.47,8.44,9.91,19.02,16.50,14.85,11.75,11.35,16.22,25.00
2026-02-27 18:00:00,cpva_update,12.40,13.70,9.24,8.37,9.91,18.16,16.50,14.80,9.72,9.72,16.17,20.00
2026-03-02 09:00:00,cpva_update,,,,,,17.88,,,,,,20.01
2026-03-02 13:30:00,cpva_update,12.43,13.80,9.40,8.46,9.84,18.08,16.45,14.98,11.72,11.31,16.20,20.00
2026-03-02 18:00:00,cpva_update,12.40,13.71,9.35,8.48,9.90,18.12,16.48,14.97,11.67,11.31,16.20,20.00
2026-03-03 09:00:00,cpva_update,12.40,13.75,9.40,8.42,9.91,17.99,16.47,14.98,11.77,11.31,16.21,20.01
2026-03-03 13:30:00,cpva_update,12.20,13.70,9.33,8.41,9.90,17.96,16.44,14.97,11.67,11.39,16.21,20.01
2026-03-03 18:00:00,cpva_update,12.23,13.72,9.32,8.41,9.90,17.98,16.49,15.00,11.61,11.37,16.21,20.02
2026-03-04 09:00:00,cpva_update,12.22,13.72,9.35,8.41,9.77,18.16,16.49,14.99,11.71,11.35,16.18,20.00
2026-03-04 13:30:00,cpva_update,12.20,13.70,9.31,8.43,9.80,18.23,16.49,14.99,11.73,11.37,16.25,20.00
2026-03-04 18:00:00,cpva_update,12.22,13.71,9.34,8.42,9.82,18.28,16.50,14.95,11.61,11.34,16.25,20.00
2026-03-05 09:00:00,cpva_update,12.23,13.71,9.32,8.35,9.81,18.05,16.51,14.98,11.72,11.35,16.21,19.76
2026-03-05 13:30:00,cpva_update,12.25,13.70,9.32,8.36,9.79,17.99,16.60,14.97,11.60,11.37,16.20,20.00
2026-03-05 18:00:00,cpva_update,12.24,13.72,9.31,8.40,9.79,17.99,16.58,14.99,11.63,11.37,16.23,20.00
2026-03-06 09:00:00,cpva_update,,,,,,18.08,,,,,,20.03
2026-03-06 13:30:00,cpva_update,12.34,13.70,9.30,8.44,9.77,18.17,16.59,14.97,11.63,11.37,16.21,20.00
2026-03-06 18:00:00,cpva_update,12.32,13.70,9.33,8.47,9.77,18.20,16.62,14.98,11.60,11.35,16.20,20.00
2026-03-09 09:00:00,cpva_update,,,,,,18.22,,,,,,20.01
2026-03-09 13:30:00,cpva_update,,,,,,18.19,,,,,,20.00
2026-03-09 18:00:00,cpva_update,12.40,13.80,9.32,8.40,9.72,18.19,16.62,14.96,11.77,11.38,16.20,20.00
2026-03-10 09:00:00,cpva_update,12.34,13.80,9.34,8.39,9.77,18.06,16.59,14.97,11.63,11.35,16.23,20.02
2026-03-10 13:30:00,cpva_update,12.28,13.70,9.31,8.39,9.72,18.07,16.55,14.97,11.68,11.36,16.18,20.00
2026-03-10 18:00:00,cpva_update,12.34,13.72,9.27,8.42,9.74,18.18,16.60,14.98,11.69,11.36,16.20,20.01
2026-03-11 09:00:00,cpva_update,12.36,13.80,9.37,8.32,9.72,18.03,16.43,14.96,11.64,11.38,16.20,20.00
2026-03-11 13:30:00,cpva_update,12.40,13.70,9.26,8.39,9.71,18.21,16.50,14.97,11.69,11.37,16.26,20.00
2026-03-11 18:00:00,cpva_update,12.37,13.74,9.28,8.39,9.74,18.13,16.49,14.96,11.67,11.37,16.20,20.00
2026-03-12 09:00:00,cpva_update,,,,,,18.15,,,,,,20.00
2026-03-12 13:30:00,cpva_update,,,,,,18.31,,,,,,20.00
2026-03-12 18:00:00,cpva_update,12.30,13.77,9.28,8.35,9.66,18.33,16.59,14.99,11.68,11.32,16.20,20.00
2026-03-13 09:00:00,cpva_update,12.34,13.80,9.38,8.39,9.66,18.02,16.61,14.96,11.60,11.36,16.21,20.01
2026-03-13 13:30:00,cpva_update,12.26,13.72,9.24,8.41,9.66,18.01,16.60,14.99,11.65,11.40,16.20,20.00
2026-03-13 18:00:00,cpva_update,12.25,13.71,9.29,8.41,9.69,18.24,16.56,14.98,11.68,11.36,16.25,20.02
2026-03-16 09:00:00,cpva_update,,,,,,18.06,,,,,,20.00
2026-03-16 13:30:00,cpva_update,12.31,13.70,9.26,8.36,9.62,18.16,16.59,14.97,11.66,11.38,16.20,20.02
2026-03-16 18:00:00,cpva_update,12.29,13.70,9.28,8.34,9.59,18.26,16.60,14.96,11.57,11.38,16.20,20.00
2026-03-17 09:00:00,cpva_update,12.27,13.78,9.40,8.38,9.61,18.25,16.46,14.99,11.65,11.38,16.20,20.00
2026-03-17 13:30:00,cpva_update,12.30,13.72,9.33,8.37,9.61,18.22,16.49,14.99,11.64,11.36,16.22,20.00
2026-03-17 18:00:00,cpva_update,12.33,13.70,9.35,8.38,9.63,18.27,16.69,14.97,11.65,11.36,16.22,20.00
2026-03-18 09:00:00,cpva_update,,,,,,18.22,,,,,,20.01
2026-03-18 13:30:00,cpva_update,12.33,13.79,9.39,8.52,9.56,18.25,16.69,14.97,11.67,11.36,16.20,20.00
2026-03-18 18:00:00,cpva_update,12.29,13.70,9.34,8.48,9.59,18.28,16.69,14.99,11.61,11.37,16.24,20.00
2026-03-19 09:00:00,cpva_update,,,,,,18.08,,,,,,19.99
2026-03-19 13:30:00,cpva_update,12.33,13.71,9.37,8.34,9.55,18.14,16.72,14.97,11.66,11.35,16.20,20.01
2026-03-19 18:00:00,cpva_update,12.29,13.70,9.33,8.31,9.55,18.10,16.70,14.95,11.57,11.39,16.21,20.00
2026-03-20 09:00:00,cpva_update,12.30,13.80,9.37,8.38,9.55,18.25,16.68,14.95,11.68,11.38,16.21,20.02
2026-03-20 13:30:00,cpva_update,12.26,13.70,9.35,8.35,9.59,18.26,16.67,14.97,11.68,11.36,16.19,20.01
2026-03-20 18:00:00,cpva_update,12.39,13.77,9.38,8.33,9.56,18.36,16.71,14.97,11.67,11.38,16.20,20.02
2026-03-23 09:00:00,cpva_update,12.36,13.80,9.37,8.30,9.62,18.17,16.65,14.95,11.64,11.37,16.20,20.00
2026-03-23 13:30:00,cpva_update,12.30,13.70,9.32,8.30,9.66,18.23,16.71,14.98,11.64,11.36,16.17,20.00
2026-03-23 18:00:00,cpva_update,12.26,13.70,9.29,8.39,9.61,18.30,16.70,14.97,11.67,11.39,16.21,20.00
2026-03-24 09:00:00,cpva_update,,,,,,18.20,,,,,,20.00
2026-03-24 13:30:00,cpva_update,12.16,13.71,9.33,8.30,9.61,18.27,16.60,14.95,11.49,11.34,16.26,20.00
2026-03-24 18:00:00,cpva_update,12.14,13.70,9.30,8.36,9.57,18.28,16.61,14.97,11.50,11.39,16.20,20.00
2026-03-25 09:00:00,cpva_update,,,,,,18.27,,,,,,20.01
2026-03-25 13:30:00,cpva_update,12.37,13.70,9.28,8.30,9.56,18.24,16.60,14.99,11.48,11.35,16.22,20.00
2026-03-25 18:00:00,cpva_update,12.37,13.72,9.24,8.30,9.51,18.38,16.60,14.99,11.51,11.34,16.20,20.02
2026-03-26 09:00:00,cpva_update,12.36,13.77,9.29,8.31,9.60,17.94,16.58,14.98,11.44,11.40,16.20,20.00
2026-03-26 13:30:00,cpva_update,12.27,13.72,9.26,8.35,9.61,18.09,16.61,15.00,11.46,11.37,16.20,20.00
2026-03-26 18:00:00,cpva_update,12.30,13.71,9.23,8.39,9.61,18.19,16.62,14.99,11.44,11.30,16.26,20.01
2026-03-27 09:00:00,cpva_update,,,,,,18.15,,,,,,20.00
2026-03-27 13:30:00,cpva_update,12.30,13.70,9.30,8.24,9.62,18.25,16.60,14.97,11.48,11.37,16.24,20.01
2026-03-30 09:00:00,cpva_update,12.42,13.81,9.35,8.33,9.58,18.23,16.58,14.93,11.46,11.36,16.21,19.99
2026-03-30 13:30:00,cpva_update,12.31,13.70,9.27,8.31,9.59,18.35,16.60,14.98,11.51,11.32,16.23,20.00
2026-03-30 18:00:00,cpva_update,12.33,13.74,9.26,8.31,9.57,18.31,16.59,14.96,11.46,11.36,16.26,20.01
2026-03-31 09:00:00,cpva_update,12.43,13.84,9.32,8.42,9.61,18.26,16.58,15.01,11.45,11.37,16.20,20.00
2026-03-31 13:30:00,cpva_update,12.31,13.70,9.28,8.40,9.61,18.43,16.59,14.97,11.53,11.36,16.22,20.00
2026-04-01 09:00:00,cpva_update,,,,,,17.93,,,,,,20.00
2026-04-01 13:30:00,cpva_update,12.34,13.74,9.39,8.39,9.63,,16.59,14.95,11.45,11.38,16.20,
2026-04-01 18:00:00,cpva_update,12.34,13.72,9.34,8.42,9.59,18.30,16.60,14.97,11.44,11.37,16.25,20.01
2026-04-02 09:00:00,cpva_update,12.37,13.79,9.31,8.23,9.57,18.30,16.60,14.98,11.49,11.39,16.21,20.00
2026-04-02 13:30:00,cpva_update,12.25,13.78,9.35,8.28,9.61,18.39,16.59,14.95,11.57,11.37,16.23,20.00
2026-04-02 18:00:00,cpva_update,12.32,13.72,9.30,8.32,9.60,18.42,16.58,14.94,11.53,11.37,16.21,19.99
2026-04-07 09:00:00,cpva_update,12.13,13.70,9.25,8.20,9.64,17.97,14.10,12.68,9.11,8.46,16.21,20.02
2026-04-07 13:30:00,cpva_update,12.17,13.70,9.16,8.26,9.64,18.06,14.06,12.52,8.88,8.50,16.24,20.00
2026-04-07 18:00:00,cpva_update,12.19,13.61,9.16,8.28,9.60,18.14,14.05,12.50,8.86,8.47,16.24,20.03
2026-04-08 09:00:00,cpva_update,12.23,13.80,9.21,8.20,9.65,18.25,14.10,12.49,8.87,8.43,16.20,20.01
2026-04-08 13:30:00,cpva_update,,,,,9.56,18.20,,,,,16.23,20.00
2026-04-10 13:30:00,cpva_update,,,,,,18.37,,,,,,20.01
2026-04-13 13:30:00,cpva_update,12.19,13.64,9.14,8.15,13.64,18.38,14.09,12.48,8.84,8.46,16.18,20.00
2026-04-14 13:30:00,cpva_update,12.18,13.60,9.09,8.11,13.64,18.08,14.08,12.46,8.84,8.48,16.20,20.00
2026-04-14 18:00:00,cpva_update,12.29,13.70,9.10,8.17,13.64,18.19,14.12,12.47,8.83,8.49,16.21,20.00
2026-04-15 13:30:00,cpva_update,12.19,13.61,9.08,8.13,13.66,18.35,14.10,12.46,8.85,8.48,16.22,20.00
2026-04-16 09:00:00,cpva_update,12.23,13.79,9.16,8.17,5.70,18.32,14.08,12.46,8.82,8.44,16.21,20.01
2026-04-16 13:30:00,cpva_update,12.26,13.60,9.05,8.15,11.08,18.35,14.09,12.47,8.86,8.49,16.19,20.00
2026-04-16 18:00:00,cpva_update,12.26,13.67,9.10,8.15,10.99,18.45,14.10,12.49,8.88,8.45,16.22,20.00
2026-04-17 13:30:00,cpva_update,12.32,13.70,9.24,8.31,11.00,18.34,16.58,14.96,11.47,11.39,16.20,20.00
2026-04-20 09:00:00,cpva_update,,,,,,18.06,,,,,,20.01
2026-04-20 13:30:00,cpva_update,12.42,13.72,9.26,8.28,11.03,18.10,16.60,14.94,11.48,11.35,16.27,19.97
2026-04-20 18:00:00,cpva_update,12.39,13.74,9.25,8.33,11.07,18.18,16.59,14.98,11.59,11.38,16.20,20.00
2026-04-21 09:00:00,cpva_update,12.35,13.73,9.27,8.05,11.20,18.19,16.62,14.96,11.56,11.36,16.23,20.00
2026-04-21 13:30:00,cpva_update,12.37,13.70,9.27,8.13,11.10,18.29,16.61,15.01,11.56,11.35,16.22,20.00
2026-04-21 18:00:00,cpva_update,12.37,13.70,9.25,8.13,11.21,18.29,16.59,14.98,11.56,11.34,16.23,20.00
2026-04-22 09:00:00,cpva_update,12.41,13.80,9.23,8.24,11.20,18.36,16.61,14.98,11.47,11.35,16.20,20.00
2026-04-22 13:30:00,cpva_update,12.42,13.70,9.25,8.31,11.20,18.33,16.60,14.94,11.55,11.38,16.20,20.01
2026-04-22 18:00:00,cpva_update,12.42,13.70,9.26,8.32,11.17,18.39,16.60,14.97,11.58,11.36,16.21,20.00
2026-04-23 09:00:00,cpva_update,12.41,13.77,9.28,8.22,11.27,18.17,16.47,14.97,11.59,11.31,16.22,20.01
2026-04-23 13:30:00,cpva_update,12.47,13.70,9.29,8.23,11.26,18.23,16.47,15.06,11.49,11.36,16.20,20.00
2026-04-23 18:00:00,cpva_update,12.47,13.74,9.26,8.28,11.25,18.28,16.50,15.09,11.53,11.34,16.24,20.00
2026-04-24 09:00:00,cpva_update,12.42,13.70,9.36,8.18,11.26,18.24,16.49,15.08,11.57,11.36,16.23,20.00
2026-04-24 13:30:00,cpva_update,12.47,13.72,9.33,8.23,11.25,17.43,16.54,15.09,11.53,11.34,16.20,20.00
2026-04-24 18:00:00,cpva_update,12.36,13.79,9.33,8.26,11.28,18.33,16.53,15.08,11.58,11.37,16.20,20.00
2026-04-27 09:00:00,cpva_update,,,,,,18.29,,,,,,20.00
2026-04-27 13:30:00,cpva_update,12.43,13.74,9.31,8.19,11.28,18.44,16.50,15.10,11.55,11.38,16.25,20.01
2026-04-27 18:00:00,cpva_update,12.43,13.70,9.32,8.24,11.27,18.35,16.50,14.96,11.58,11.36,16.17,20.00
2026-04-28 09:00:00,cpva_update,12.37,13.74,9.33,8.28,11.38,18.23,16.52,15.01,11.56,11.37,16.20,20.01
2026-04-28 13:30:00,cpva_update,12.39,13.70,9.32,8.30,11.34,18.30,16.49,14.99,11.56,11.36,16.24,20.00
2026-04-28 18:00:00,cpva_update,12.41,13.70,9.32,8.33,11.33,18.25,16.48,14.96,11.57,11.33,16.20,20.00
2026-04-29 09:00:00,cpva_update,12.30,13.70,9.32,8.04,11.40,18.30,16.45,14.94,11.57,11.38,16.20,20.00
2026-04-29 13:30:00,cpva_update,12.33,13.70,9.32,8.23,11.34,18.29,16.50,14.96,11.53,11.34,16.20,20.01
2026-04-29 18:00:00,cpva_update,12.16,13.70,9.31,8.27,11.32,18.38,16.52,14.97,11.57,11.37,16.22,20.01
2026-04-30 09:00:00,cpva_update,12.39,13.72,9.28,8.39,11.36,18.42,16.49,14.97,11.56,11.38,16.20,20.01
2026-04-30 13:30:00,cpva_update,12.41,13.70,9.37,8.37,11.38,18.37,16.49,14.97,11.51,11.34,16.20,20.00
2026-04-30 18:00:00,cpva_update,12.46,13.74,9.38,8.38,11.35,18.44,16.50,14.97,11.47,11.36,16.19,20.00
2026-05-04 09:00:00,cpva_update,12.51,13.80,9.33,8.37,11.41,18.14,16.51,14.93,11.54,11.35,16.22,20.01
2026-05-04 13:30:00,cpva_update,12.42,13.71,9.24,8.31,11.37,18.26,16.50,15.00,11.52,11.35,16.20,20.01
2026-05-04 18:00:00,cpva_update,12.42,13.70,8.85,8.35,11.38,18.18,16.49,14.96,11.52,11.37,16.17,20.01
2026-05-05 09:00:00,cpva_update,,,,,,18.22,,,,,,20.00
2026-05-05 13:30:00,cpva_update,12.21,13.70,9.28,8.21,11.36,18.26,16.49,14.95,11.57,11.38,16.21,19.98
2026-05-05 18:00:00,cpva_update,12.25,13.74,9.24,8.22,11.40,18.27,16.50,14.96,11.55,11.35,16.19,20.00
2026-05-06 09:00:00,cpva_update,12.37,13.80,9.28,8.31,11.47,18.40,16.48,14.99,11.57,11.34,16.20,20.00
2026-05-06 13:30:00,cpva_update,12.34,13.70,9.24,8.27,11.41,18.45,16.50,14.97,11.60,11.35,16.20,20.00
2026-05-06 18:00:00,cpva_update,12.29,13.75,9.28,8.30,11.45,18.40,16.52,15.00,11.59,11.34,16.22,19.97
2026-05-07 09:00:00,cpva_update,12.47,13.70,9.24,8.18,11.44,18.42,16.50,14.95,11.56,11.34,16.20,20.00
2026-05-07 13:30:00,cpva_update,12.49,13.70,9.23,8.20,11.43,18.40,16.50,14.98,11.59,11.34,16.23,20.00
2026-05-07 18:00:00,cpva_update,12.44,13.70,9.17,8.30,11.46,18.37,16.58,14.95,11.65,11.35,16.22,20.00
2026-05-11 13:30:00,cpva_update,12.49,13.70,9.29,8.22,11.46,18.22,16.58,14.97,11.61,11.38,16.20,20.00
2026-05-11 18:00:00,cpva_update,12.50,13.72,9.32,8.20,11.47,18.06,16.61,14.96,11.68,11.37,16.20,20.01
2026-05-12 09:00:00,cpva_update,12.41,13.71,9.22,8.30,11.42,18.25,16.60,14.98,11.55,11.37,16.20,20.01
2026-05-12 13:30:00,cpva_update,12.40,13.70,9.29,8.32,11.47,18.28,16.59,14.99,11.57,11.37,16.22,20.00
2026-05-12 18:00:00,cpva_update,12.36,13.73,9.28,8.31,11.44,18.34,16.60,14.95,11.58,11.33,16.20,20.00
2026-05-13 09:00:00,cpva_update,12.31,13.71,9.28,8.30,11.46,18.42,16.54,14.96,11.60,11.34,16.24,20.01
2026-05-13 13:30:00,cpva_update,12.33,13.70,9.26,8.28,11.45,18.40,16.57,14.97,11.47,11.38,16.23,20.00
2026-05-13 18:00:00,cpva_update,12.32,13.70,9.27,8.30,11.44,18.46,16.59,14.98,11.50,11.37,16.20,20.02
2026-05-14 09:00:00,cpva_update,12.32,13.70,9.30,8.20,11.45,17.96,16.52,15.04,11.56,11.38,16.21,20.00
2026-05-14 13:30:00,cpva_update,12.26,13.70,9.34,8.24,11.45,18.02,16.51,14.87,11.58,11.37,16.20,20.00
2026-05-14 18:00:00,cpva_update,12.33,13.71,9.31,8.24,11.45,17.97,16.51,14.87,11.49,11.36,16.21,20.00
2026-05-15 09:00:00,cpva_update,12.31,13.70,9.33,8.17,11.45,18.30,16.48,14.86,11.60,11.38,16.20,20.00
2026-05-15 13:30:00,cpva_update,12.31,13.71,9.38,8.25,11.62,18.54,16.49,14.87,11.50,11.39,16.20,20.00
2026-05-15 18:00:00,cpva_update,12.35,13.74,9.42,8.28,11.65,18.61,16.50,14.75,11.48,11.35,16.20,20.00
2026-05-18 13:30:00,cpva_update,,,,,,18.40,,,,,,20.01
2026-05-19 13:30:00,cpva_update,12.37,13.70,9.35,8.30,11.50,18.30,16.50,14.81,11.56,11.39,16.20,20.01
2026-05-20 09:00:00,cpva_update,12.28,13.79,9.25,8.20,11.55,18.32,14.09,12.50,8.85,8.46,16.21,20.01
2026-05-20 13:30:00,cpva_update,12.33,13.60,9.17,8.10,11.49,18.31,14.11,12.39,8.82,8.39,16.21,20.01
2026-05-21 09:00:00,cpva_update,12.31,13.76,9.20,8.07,11.53,18.44,14.10,12.34,8.86,8.46,16.20,20.01
2026-05-21 13:30:00,cpva_update,12.34,13.60,9.06,8.10,11.37,18.38,14.09,12.37,9.04,8.48,16.20,20.01
2026-05-22 13:30:00,cpva_update,12.37,13.70,9.26,8.20,11.48,18.39,16.49,14.78,11.55,11.36,16.20,20.00
2026-05-25 09:00:00,cpva_update,,,,,,18.23,,,,,,20.01
2026-05-25 13:30:00,cpva_update,,,,,,18.43,,,,,,20.00
2026-05-25 18:00:00,cpva_update,,,,,,18.40,,,,,,20.01
2026-05-26 09:00:00,cpva_update,12.41,13.80,9.38,8.23,11.50,18.37,16.50,14.78,11.58,11.37,16.20,20.00
2026-05-26 13:30:00,cpva_update,12.37,13.70,9.34,8.25,11.48,18.52,16.47,14.76,11.58,11.36,16.20,20.00

2026-05-27 09:00:00,cpva_update,12.34,13.70,9.32,8.30,11.46,18.49,16.49,14.76,11.58,11.36,16.21,20.00
2026-05-27 13:30:00,cpva_update,12.35,13.70,9.35,8.29,11.47,18.49,16.48,14.76,11.67,11.38,16.20,20.00
2026-05-27 18:00:00,cpva_update,12.32,13.70,9.36,8.28,11.42,18.39,16.50,14.77,11.68,11.35,16.20,20.01
2026-05-28 09:00:00,cpva_update,12.41,13.70,9.24,8.30,11.42,18.33,16.48,14.78,11.64,11.39,16.20,20.02
2026-05-28 13:30:00,cpva_update,12.43,13.71,9.28,8.26,11.44,18.46,16.48,14.75,11.65,11.36,16.21,20.00
2026-05-28 18:00:00,cpva_update,12.43,13.70,9.27,8.30,11.41,18.55,16.46,14.79,11.66,11.27,16.21,20.01
2026-05-29 09:00:00,cpva_update,12.46,13.72,9.30,8.22,11.43,18.39,16.50,14.78,11.56,11.36,16.20,20.00
2026-05-29 13:30:00,cpva_update,12.41,13.70,9.31,8.25,11.38,18.43,16.52,14.81,11.58,11.38,16.24,20.01
2026-05-29 18:00:00,cpva_update,12.44,13.70,9.31,8.27,11.38,18.59,16.49,14.78,11.57,11.37,16.24,20.00
2026-06-01 09:00:00,cpva_update,12.45,13.71,9.37,8.16,11.40,18.46,16.49,14.79,11.56,11.37,16.20,20.01
2026-06-01 13:30:00,cpva_update,12.46,13.70,9.40,8.23,11.38,18.47,16.47,14.77,11.54,11.33,16.26,20.02
2026-06-01 18:00:00,cpva_update,12.49,13.70,9.38,8.24,11.37,18.54,16.48,14.79,11.58,11.38,16.20,20.00
2026-06-02 09:00:00,cpva_update,12.45,13.70,9.34,8.30,11.39,18.11,16.52,14.78,11.54,11.35,16.20,20.01
2026-06-02 13:30:00,cpva_update,12.46,13.70,9.36,8.35,11.37,18.25,16.48,14.78,11.57,11.37,16.23,20.01
2026-06-02 18:00:00,cpva_update,12.44,13.74,9.34,8.38,11.37,18.33,16.49,14.81,11.58,11.38,16.27,20.02
2026-06-03 09:00:00,cpva_update,12.42,13.70,9.36,8.10,11.39,18.48,16.43,14.81,11.53,11.39,16.20,20.01
2026-06-03 13:30:00,cpva_update,12.43,13.70,9.34,8.22,11.35,18.53,16.51,14.78,11.58,11.37,16.23,20.00
2026-06-03 18:00:00,cpva_update,12.42,13.70,9.37,8.28,11.33,18.49,16.51,14.75,11.67,11.36,16.24,20.00
2026-06-04 09:00:00,cpva_update,12.37,13.86,9.37,8.26,11.38,18.18,16.50,14.77,11.60,11.35,16.25,19.99
2026-06-04 13:30:00,cpva_update,12.31,13.70,9.38,8.21,11.29,18.22,16.47,14.77,11.65,11.36,16.20,20.00
2026-06-04 18:00:00,cpva_update,12.32,13.72,9.24,8.27,11.26,18.30,16.51,14.74,11.67,11.29,16.23,20.00
2026-06-05 09:00:00,cpva_update,12.32,13.77,9.31,8.14,11.31,18.46,16.49,14.78,11.56,11.35,16.20,20.00
2026-06-05 13:30:00,cpva_update,12.38,13.70,9.30,8.17,11.27,18.53,16.49,14.80,11.54,11.37,16.20,20.00
2026-06-05 18:00:00,cpva_update,12.38,13.71,9.26,8.22,11.27,18.55,16.50,14.80,11.55,11.39,16.20,20.00
2026-06-08 09:00:00,cpva_update,,,,,,18.44,,,,,,20.00
2026-06-08 13:30:00,cpva_update,12.29,13.70,9.26,8.18,11.22,18.43,16.48,14.80,11.58,11.34,16.20,20.00
2026-06-08 18:00:00,cpva_update,,,,,,18.51,,,,,,20.01
2026-06-09 09:00:00,cpva_update,,,,,,18.53,,,,,,20.02
2026-06-09 13:30:00,cpva_update,12.36,13.70,9.24,8.29,11.21,18.50,16.48,14.78,11.56,11.35,16.23,20.01
2026-06-09 18:00:00,cpva_update,,,,,,18.73,,,,,,20.00
2026-06-10 09:00:00,cpva_update,,,,,,18.38,,,,,,20.00
